Sentiment,Cluster1,Cluster2,Cluster3,Cluster5
positive,18.66666667,23.55555556,46.44444444,13.11111111
negative,33.48314607,37.97752809,61.34831461,14.83146067
neutral,2.857142857,0,6.666666667,0
